body_acc_x_mean,body_acc_y_mean,body_acc_z_mean,body_acc_x_std,body_acc_y_std,body_acc_z_std,body_acc_x_max,body_acc_y_max,body_acc_z_max,body_acc_x_min,body_acc_y_min,body_acc_z_min,body_acc_x_energy,body_acc_y_energy,body_acc_z_energy,body_acc_x_iqr,body_acc_y_iqr,body_acc_z_iqr,body_acc_x_sma,body_acc_y_sma,body_acc_z_sma,body_acc_x_mad,body_acc_y_mad,body_acc_z_mad,body_acc_x_amplitude,body_acc_y_amplitude,body_acc_z_amplitude,body_gyro_x_mean,body_gyro_y_mean,body_gyro_z_mean,body_gyro_x_std,body_gyro_y_std,body_gyro_z_std,body_gyro_x_max,body_gyro_y_max,body_gyro_z_max,body_gyro_x_min,body_gyro_y_min,body_gyro_z_min,body_gyro_x_energy,body_gyro_y_energy,body_gyro_z_energy,body_gyro_x_iqr,body_gyro_y_iqr,body_gyro_z_iqr,body_gyro_x_sma,body_gyro_y_sma,body_gyro_z_sma,body_gyro_x_mad,body_gyro_y_mad,body_gyro_z_mad,body_gyro_x_amplitude,body_gyro_y_amplitude,body_gyro_z_amplitude,total_acc_x_mean,total_acc_y_mean,total_acc_z_mean,total_acc_x_std,total_acc_y_std,total_acc_z_std,total_acc_x_max,total_acc_y_max,total_acc_z_max,total_acc_x_min,total_acc_y_min,total_acc_z_min,total_acc_x_energy,total_acc_y_energy,total_acc_z_energy,total_acc_x_iqr,total_acc_y_iqr,total_acc_z_iqr,total_acc_x_sma,total_acc_y_sma,total_acc_z_sma,total_acc_x_mad,total_acc_y_mad,total_acc_z_mad,total_acc_x_amplitude,total_acc_y_amplitude,total_acc_z_amplitude
0.00722098640260912,-0.0019154891020370778,0.0026905199887404183,0.15340271137696218,0.09706884369177046,0.16341770551830428,0.15319422893660323,0.36798165390810567,0.2583840024474456,-0.9947584033134722,-0.44222252043423904,-0.6362530751943423,3.0188204163110703,1.2065317778121472,3.4192109279586598,0.08751227187123381,0.05601027997245654,0.08112162818059616,11.443814889149593,7.505886474733787,13.360109039756903,0.03875280777141007,0.025812137950623225,0.037106101807294095,0.019037989341371075,0.013980646825711082,0.01859045486228201,0.0023156403127818966,0.011770485586535673,0.0030410495899987865,0.1981237007606051,0.3422714596868875,0.22076403747879644,0.7125862613843927,1.7419962177770643,1.5133171140252308,-1.0052440727580092,-1.6202900920551628,-0.9756450756712183,5.025070463121406,15.012901945233352,6.239489052998176,0.07273095959751989,0.10776842509055073,0.07509900862305746,13.714210545666674,20.737888107798174,13.414104408618426,0.035788626119380385,0.048799922471989984,0.0377029706468253,0.030591753398498917,0.05204164264129537,0.03478179742315597,-0.006780363561119884,-0.0042273965664207935,-0.08075028285384178,0.4030594324533407,0.3308234796432929,0.48165544015920536,1.3566035032272339,2.1823601722717285,1.2700748443603516,-1.5284507274627686,-1.3264390230178833,-2.8556861877441406,20.800368565712645,14.011141832323329,30.52960911563946,0.18446886539459229,0.15091145038604736,0.1675701141357422,29.701912187039852,21.53671282529831,31.221601009368896,0.08304443955421448,0.07650482654571533,0.08223962783813477,0.06216501471242238,0.04920916830034537,0.0757463366199882
-0.011700406326795018,-0.00281711994717535,-0.006108407820966813,0.14840455410586278,0.08553890550048426,0.1323924848420642,0.15319422893660323,0.36798165390810567,0.21728386910765346,-0.9947584033134722,-0.391565017303905,-0.6362530751943423,2.836583832009225,0.9375795864342459,2.248330584161719,0.08595379919405194,0.06392174287026516,0.09665249063195021,9.762101562197627,7.073320342651907,10.921683004609385,0.04297689959702597,0.0326710681566756,0.04611092137396714,0.019344849878734784,0.012656626793548124,0.015259431519093893,0.0102824091319705,0.007019714558721535,0.005162516303033434,0.18615534711324586,0.3293354127477841,0.2008893901350541,0.7125862613843927,1.7419962177770643,1.5133171140252308,-1.0052440727580092,-1.6202900920551628,-0.9756450756712183,4.4492212731405205,13.889419581726624,5.169049426356873,0.05987310582715309,0.09729265467574522,0.05353434917013272,12.251285943627428,18.928047531605394,10.858232507943226,0.03149681025965244,0.0446609304073638,0.026863359512941516,0.029485062364843502,0.049480442938923355,0.03233731818908497,0.010902699665166438,-0.004093489609658718,-0.055865976959466934,0.39287264552893814,0.3161790925956321,0.5159183297172856,1.3566035032272339,2.1823601722717285,1.2700748443603516,-1.5284507274627686,-1.3264390230178833,-2.8556861877441406,19.771876411506614,12.798204832228052,34.46946948094842,0.17812365293502808,0.1521005630493164,0.19983673095703125,28.406446561217308,20.0163254737854,33.2443413734436,0.08977383375167847,0.07159948348999023,0.09788656234741211,0.06191940285608731,0.04814647536777747,0.08006888778404123
-0.002744936379459906,-0.0012023357712938082,0.003480953439524828,0.03520592881288286,0.04342649601872181,0.0640369934339329,0.13969555193449026,0.1711405257908988,0.21728386910765346,-0.08937219489651363,-0.10192744229953103,-0.2277169815117155,0.1596149887110476,0.24157518947468729,0.5264452563079298,0.03465841111984923,0.023725965501658328,0.042318404261736595,3.309567327092466,3.475604572090455,5.2068088619316955,0.01745491911740619,0.011968714675848566,0.017010924072677548,0.004646583957314094,0.0055406316004287335,0.008305240292843302,0.0029636207207744962,-0.004922423030019714,-0.0026973500112509987,0.05815531435684662,0.0953414131328466,0.06279438858291544,0.3442496700156744,0.3058396017636117,0.21612849270002016,-0.37534801134456136,-0.645373161462033,-0.4608296315299448,0.4340254253721927,1.1666195592517885,0.5056525996269282,0.013589936509098082,0.02498519704997118,0.010900503696089452,3.109864292098992,5.102656204849508,3.2680057594272545,0.005615124188429184,0.01199637421676052,0.005801761503054878,0.009119624233922197,0.014597875618214655,0.009772200341979839,0.03093379590427503,-9.824428707361221e-05,0.03536643832921982,0.16045392956674187,0.10997269878591388,0.2589187106196903,1.2661992311477661,0.546680212020874,1.2421073913574219,-0.3614911437034607,-0.7300766110420227,-2.0766820907592773,3.4179024950344057,1.548032528665253,8.741079509639349,0.07017631828784943,0.05775785446166992,0.06755638122558594,10.680081136524677,7.3953574895858765,14.558588981628418,0.036889202892780304,0.02869117259979248,0.03304862976074219,0.02535570801252774,0.016809403541911336,0.0427211589688634
-0.0005910062790178377,-0.0004746795121062871,-0.001129236001722102,0.018366360669893098,0.014733754096556015,0.01606252859048624,0.04368106171460224,0.04615100421478033,0.04093641520463885,-0.050427153460534516,-0.05416018710710915,-0.05002985511602283,0.04322207906283963,0.02781553029337531,0.03318783982947495,0.026339159804412003,0.012410810194151422,0.019724237826961602,1.8745251947095134,1.314667823665232,1.568650939084259,0.013483149055655267,0.00605537095132275,0.009172136457476656,0.0020211284797626273,0.0018171059401335915,0.001804508411753089,-5.9589619825976055e-05,0.00013961446413619772,-1.484156321812023e-05,0.006733664985309305,0.00890669793280782,0.005998053576165276,0.033758254695235496,0.04430892664492511,0.0385886662568474,-0.034057333475442264,-0.04861439933987156,-0.028501999034992703,0.005804261767317963,0.010156641313904528,0.00460503897274212,0.004308361977882812,0.007188682008273712,0.0028029637993306168,0.47605954975177517,0.6955364859778158,0.38987923693186005,0.0021379925211037548,0.0034752679766621745,0.0014189567907055064,0.001053299875657296,0.001367129292470761,0.0009520358424891821,0.010493905137991533,0.00830027274787426,0.03306913375854492,0.03754384562443631,0.025908776336550244,0.03895393089587636,0.16485300660133362,0.058179616928100586,0.21664905548095703,-0.10254472494125366,-0.11605852842330933,-0.14426517486572266,0.19451678583253362,0.09474038002515073,0.33420497149199946,0.040129147469997406,0.025594353675842285,0.03425884246826172,3.554387904703617,2.6297543048858643,5.14600944519043,0.019749085418879986,0.0132826566696167,0.01691579818725586,0.006011240160195669,0.00415452563853585,0.006616305971886898
0.0016433363192583175,-8.526038190026036e-05,-0.001928809508625214,0.012440800272052705,0.008151139809671274,0.015056374482243002,0.04368106171460224,0.016278527134782405,0.04093641520463885,-0.02086540882146803,-0.018383037625946373,-0.03891295217620027,0.020156680405414407,0.008505388739779787,0.02949308398977297,0.012563921275289595,0.013903681805885184,0.022373183632874754,1.2047809659275028,0.9124428102299212,1.5814329486886265,0.006746891582899962,0.007169607191699097,0.011402166014729487,0.0013688726454328395,0.0008805973545695807,0.0015072198201693291,-9.566331833239013e-05,0.00034152205068643,-0.00022164524878730269,0.004259307144745756,0.006134587193235359,0.003979073850622253,0.013844322465573655,0.04430892664492511,0.013848363100048095,-0.03307101731601365,-0.017613947110554598,-0.028501999034992703,0.002323308649440846,0.004831974059841582,0.002032915881602022,0.0019667371681497832,0.003284943978662586,0.0020204260556293246,0.268486692236174,0.4055933113407151,0.2461405526075248,0.0010162804034607302,0.001642471989331293,0.0009882251987812377,0.0006687000032312845,0.0009316520022293343,0.0006253871226748004,0.007198541105026379,0.009425381664186716,0.030616112053394318,0.024704475304342235,0.015550967226487007,0.03072542466808429,0.13047152757644653,0.05068671703338623,0.14338970184326172,-0.08999483287334442,-0.04333758354187012,-0.14426517486572266,0.08475265204526206,0.04232581135294211,0.2408189489024153,0.022442180663347244,0.02054774761199951,0.02619171142578125,2.244337387382984,1.8359917998313904,4.5360517501831055,0.01143660955131054,0.010483622550964355,0.013055801391601562,0.003992604674560581,0.0025145513333950237,0.005225848889665404
-0.004988786061066851,0.0009552553859083329,-0.003085274612893903,0.014217680666986096,0.009817794869518143,0.02005556418962848,0.03210038852106515,0.02249952253697367,0.05925925627930219,-0.035716864802995164,-0.0236459391555212,-0.03891295217620027,0.029059895028670107,0.01245460594588719,0.05270330552336331,0.020876812547740473,0.01772638339831635,0.020500384577965956,1.5287689540367162,1.0774306661677198,2.147718874554695,0.01042725366879865,0.008599992151963574,0.0073934411214728185,0.0012713218199556053,0.0011327761660383149,0.001974562879330531,0.00014625778231929743,8.186305804993557e-06,0.00016074487442653822,0.005854419130489769,0.00582643245722047,0.006103717662268371,0.04800744466506867,0.05169972736381952,0.03738265825170324,-0.0228965992859374,-0.01880809948734993,-0.05145807020684503,0.004389838680874689,0.004345264920851824,0.004771994651563683,0.0017312644640044132,0.0028357203793965106,0.0015190008304873863,0.275715160047993,0.3175114514344605,0.23757720357258946,0.0007417567800670957,0.0014629583482931817,0.0007615250219790552,0.0008881864575794125,0.0009444072556994366,0.0010168878477974715,0.007836631706595654,0.005101102404296398,0.030849024653434753,0.0211989418858451,0.0195289782367378,0.018048227316248767,0.09941089153289795,0.09750580787658691,0.07596206665039062,-0.10861915349960327,-0.07602560520172119,-0.018156051635742188,0.06538341549878504,0.05214748629889243,0.1635073064098833,0.017001934349536896,0.018255949020385742,0.021696090698242188,1.9368192763067782,1.756900429725647,4.078847885131836,0.008009184151887894,0.009157776832580566,0.011817455291748047,0.003313413603297951,0.003160795222830496,0.00324495946294439
-0.012953477594764177,-0.00898859263856426,-0.01288044592279055,0.3643337875508463,0.23461887097620304,0.3224554180379274,0.8381890605094231,0.9856067060000505,0.9545631328282229,-1.5832009960306037,-0.9853830818913318,-1.2550592519506993,17.012083370616736,7.056231605218594,13.330355521175601,0.08562477017789927,0.022849329612189686,0.10488636399997667,20.888988502713925,13.478039806892273,21.252314851099342,0.030750853581803593,0.011054260139937171,0.04507655159240449,0.04181135568482083,0.03176499896250606,0.03940043755657615,0.023970092267099813,0.01219646689625421,-0.0034273964741307677,0.458489304428208,0.3903138032038294,0.338729055180431,1.502769552471079,2.127602503008417,1.2548149253581167,-3.8163779873325234,-1.705337366981579,-2.2318837950722403,26.98073697258947,19.51918320335221,14.687887343362346,0.007306043085215099,0.00606960583563876,0.004815081462299714,18.73238971902511,19.38449807156968,17.379624870497917,0.003435328131468806,0.003099898527582572,0.0022739383356197842,0.07484646797251726,0.06249537310744226,0.052174170690395115,0.008755612820095848,-0.060563398292288184,0.04760468751192093,0.7334195327527301,0.918576271614599,1.2532043837773224,3.2372851371765137,1.8028755187988281,10.7298583984375,-3.44167423248291,-7.727452278137207,-5.656953811645508,68.86155158772331,108.47363737421924,201.31679152535116,0.02667902037501335,0.030076026916503906,0.03277015686035156,36.83533651009202,38.29744681715965,48.95591640472412,0.01316091325134039,0.015038013458251953,0.016296863555908203,0.1147337385037939,0.14702708613546092,0.20273116340086333
0.00788768408483121,-0.002441291413805377,0.006401113103395518,0.5000267058913012,0.28598560288494745,0.420512794252698,2.2491497500778124,0.9856067060000505,0.9952634212601741,-2.1827211154942745,-0.9853830818913318,-1.6495640462490764,32.011382037085156,10.46959679503795,22.63961400053431,0.11696722163192363,0.07798214638107029,0.10541081414950865,35.228484302319394,20.14598563444303,33.087888889528294,0.05894067317981023,0.039912311398177504,0.05677587629452373,0.06732757517069003,0.03783009065904903,0.05160756462092178,0.03143090276559054,0.026734788816923007,0.005904185500572199,0.518522575071842,0.4412486424998948,0.388017860956362,1.502769552471079,2.127602503008417,1.2548149253581167,-3.8163779873325234,-1.705337366981579,-2.2318837950722403,34.54125600099764,25.013134520458937,19.2758681379297,0.08285328528892132,0.07526441283131033,0.09109976611255544,29.369429202119075,30.02259921149027,25.901677275701335,0.048497765406303135,0.03614811657841861,0.03204390129880112,0.08475328678842006,0.06777127484440466,0.059432083585963906,-0.012245573696418433,-0.07748367402382428,-0.00992656871676445,1.009660368781138,1.0987162205088843,1.533611583746694,3.8421058654785156,2.7319235801696777,10.7298583984375,-3.44167423248291,-7.727452278137207,-5.656953811645508,130.50419383838948,155.28717477754336,301.06406740077205,0.13294315338134766,0.1850355789065361,0.20756053924560547,64.92533240607008,63.72847025748342,84.11519765853882,0.05883503472432494,0.08073564991354942,0.08438634872436523,0.1563188830849313,0.16947234967069172,0.2416652670994245
0.014662515609624581,0.009052890641135507,0.016984358012266734,0.3424362350844109,0.16348573122849347,0.2704639291541201,2.2491497500778124,0.8410033342194304,0.9952634212601741,-2.1827211154942745,-0.5598132818770881,-1.6495640462490764,15.037128251236922,3.4316210104672704,9.400218289993441,0.09648113743908725,0.03168265760374643,0.09173365792848419,16.163890190149107,7.943274779040916,14.741814924045217,0.03480484411912038,0.017170167499116127,0.04309683016871749,0.05556500044675196,0.023529669807683052,0.03838340602552581,0.007949817118707618,0.014632293500524958,0.009616428646853498,0.24313751555952332,0.20695716775243267,0.18918810068989547,1.4000335903041083,0.8928720966980227,0.7484898871397015,-1.0543603040046055,-0.6388031633000917,-1.1564471493659916,7.574918536278823,5.509807782040841,4.59323048224897,0.02585214342680251,0.03212145351244022,0.006932173953862303,11.503908822760074,11.554114472140107,8.846259024781576,0.012162299436941505,0.016777836111357216,0.0034664112080541494,0.03938859500670828,0.033174961003864356,0.03030339025462135,-0.020023570948978886,-0.01799883537387359,-0.02941325679421425,0.6941210955608439,0.6050475883923196,0.8837256954681826,3.8421058654785156,2.7319235801696777,4.591464042663574,-2.3661580085754395,-3.952782154083252,-5.608330249786377,61.72224495310513,46.90003741365472,100.07503929676363,0.05084317922592163,0.06021950952708721,0.10909748077392578,30.246594477444887,27.939358285162598,40.65260171890259,0.024318784475326538,0.02835624385625124,0.049771785736083984,0.10839302845958568,0.09318774288498827,0.13860596348999613
-0.003141338855487267,0.0009597018547506326,-0.006634976746056353,0.012897414980059025,0.011864380103422192,0.026352243932005255,0.03068182871931308,0.027073338836542928,0.056235494122156365,-0.040518745103501536,-0.03351524760904519,-0.05634463429466839,0.022555049340524155,0.018135621489726996,0.09452335061409485,0.015107593593725346,0.017695734347264243,0.03919817788650687,1.3058979890914026,1.249071976384771,2.9796202640869094,0.00753931021837535,0.00833606462532971,0.02207017541409047,0.0014282715326402174,0.0015019135454636952,0.0027477714779637645,9.964380937052102e-05,0.0005661161282381425,7.860292721208911e-05,0.012396047140292002,0.012479775358369695,0.002776212166929118,0.0345108983538437,0.029882008207246687,0.010283009624055824,-0.03242498034030714,-0.029060221460934774,-0.007135892013045938,0.01967000493991519,0.01997635589965092,0.0009873321492443617,0.017969761014538323,0.014418668635748182,0.0036085388782669814,1.2935317509380289,1.259339047747019,0.2774336662552395,0.008569788929906817,0.006936186311531404,0.0016444866556228968,0.0015387164643084759,0.0018051210400697867,0.0003871643063581628,-0.00208542263135314,-0.008714228562894277,0.029030881822109222,0.021901869898996076,0.024713423891408254,0.051153285344676114,0.051400721073150635,0.05287594348192215,0.15978145599365234,-0.07493990659713745,-0.065889373421669,-0.10614967346191406,0.06195723425586053,0.08789646078499719,0.44280968971816037,0.02866971492767334,0.038142796605825424,0.05596160888671875,2.151104509830475,2.6998339788988233,6.348929405212402,0.014003276824951172,0.01834074594080448,0.028247356414794922,0.0035047861794507695,0.004051530723642661,0.008462157370733588
-0.007160554437784992,-0.00036605715735531143,-0.0023899305649586903,0.016180343845600676,0.017930974955057,0.03399334552004668,0.05047060721247767,0.07460531256650063,0.20062336996583294,-0.044508565212161844,-0.07728422264147247,-0.05634463429466839,0.040073864552748806,0.041171694167210546,0.14864119139207693,0.01811242986235339,0.020507145721523304,0.032775302055972844,1.6860843351286587,1.6291620948633452,2.875500724059956,0.009238455236714871,0.010261992628532073,0.016536754202386674,0.0020076449277940927,0.002399466672211897,0.004107399414550547,0.002951738351813505,0.0020071305504701844,0.0013100513820897804,0.017510956499482425,0.023287404784026463,0.01312594724716523,0.07516286077682025,0.11212596491988011,0.0806010404214846,-0.03414919995084962,-0.08139133464816183,-0.0877413288421634,0.040364333673514545,0.06993046971158137,0.022272860897162218,0.017728787295725443,0.015612967293869311,0.00498037665031356,1.6508631265085947,1.8582606688204024,0.7063632427575502,0.008911111466196987,0.008078008608141753,0.00245462310728923,0.0026254609436857446,0.003751876221577014,0.002162017653719931,-0.0031587909907102585,-0.006307774850938586,0.042635105550289154,0.03753026252268218,0.04232537489205998,0.05339480603418963,0.13832765817642212,0.3089049458503723,0.2752809524536133,-0.1963772177696228,-0.12127411365509033,-0.09577083587646484,0.18156781638968766,0.23439684906541497,0.5976009646992679,0.03395944833755493,0.039607223123311996,0.051316261291503906,2.9753154516220093,3.506151700625196,6.657319068908691,0.015143722295761108,0.021777095273137093,0.025970458984375,0.005650583095390118,0.006784640895519608,0.00854087401637552
-0.006551594998916712,0.0031957595128499702,0.004430497348300248,0.15438187383003513,0.16728936656219381,0.13989894204100126,0.7780362951150868,0.5590524747769943,0.6212358421155645,-0.3372331579874879,-0.6976988879681258,-0.6724046138764652,3.0562158546307483,3.5834809655864337,2.5076919412409255,0.04423317136004259,0.05885747134792787,0.04640077638586624,10.178780842128909,10.464153393128315,9.698525450233332,0.023502701262208697,0.019960714073888098,0.023266603644080633,0.021082741453029685,0.02037592134845554,0.020857737546694614,-0.0002625688135464814,0.006078419331879661,-0.0014231571544173205,0.4791446401317634,0.3840703490946487,0.19917309615892814,2.12801951180841,1.6284999969231007,1.3392229772505317,-2.6995299563511366,-2.5646769350655747,-0.5732690423553313,29.386195854000498,18.886013470113213,5.078009294056937,0.052795648207932595,0.06773719247885515,0.035904092187197464,25.85444134373004,20.402608734244335,11.271753229090637,0.026638978490757064,0.032910744914314935,0.018321467992154054,0.07057249118159953,0.061135942189683684,0.030534020179085304,0.0218207131838426,-0.008562128006815328,0.04446597583591938,0.4179751141490877,0.36745087163037704,0.8001500018360186,2.4425888061523438,0.9541606903076172,4.100128173828125,-2.054971694946289,-2.480006217956543,-4.472515106201172,22.422955465189684,17.291961996534894,82.2038078009883,0.07770121097564697,0.07714196294546127,0.10312175750732422,22.659129545092583,21.93510464648716,39.44296598434448,0.03748700022697449,0.038456154987215996,0.05031394958496094,0.06792827709278493,0.05783135282760704,0.12717341506123558
0.005149604218596543,0.00018518116075245603,-0.001224052304245978,0.19845324736854603,0.2586333229843534,0.15866297776318344,0.8767967712902173,0.5590524747769943,0.6212358421155645,-0.38987180648183695,-1.5835665757909865,-0.6724046138764652,5.0445068562853805,8.562077446398867,3.2224561685406683,0.11082686613983897,0.11838256475631997,0.13389751401800115,15.47400071776315,16.546745317505025,13.514974478968362,0.06313492500984724,0.0510526608429459,0.06425246579834641,0.02636782401391107,0.03617743489182634,0.022215589291840865,0.0001386853013296968,0.009228799107002476,0.009466692111347399,0.6228358531405043,0.5007157230756375,0.28941590844958653,2.8143610274003428,2.917457883471311,2.1362637488198426,-2.6995299563511366,-2.5646769350655747,-0.7510921922473749,49.65433845643167,32.102579976718836,10.732951849373503,0.2240237316397653,0.21237266525126985,0.1450250954546067,42.88964602868731,32.70320438640395,17.91030146142802,0.10949544108980974,0.10209847585176166,0.05835733246740238,0.08873775851172849,0.07900867185626245,0.04575479289427474,0.03699484237586148,-0.02465968526666984,0.021691548521630466,0.6179819511414207,0.6139559208257991,0.9570959277642539,2.7542781829833984,1.6155245304107666,4.276358604431152,-2.9825809001922607,-4.6154680252075195,-4.472515106201172,49.05859971826841,48.326396517696764,117.31240169218356,0.2528587579727173,0.23863983154296875,0.2902495861053467,40.21780874207616,36.47812173515558,57.55931334197521,0.12985458970069885,0.11050033569335938,0.1467776596546173,0.09460843336816877,0.09868380825755062,0.15089603892031264
0.0020293889855197604,-8.086402809833262e-06,-0.008637033043104786,0.1357528553554738,0.2006648900459591,0.08941812395559402,0.8767967712902173,0.32416588045223976,0.3134824133969441,-0.38987180648183695,-1.5835665757909865,-0.33395011635221106,2.359418388072797,5.154098964805987,1.0329855016352847,0.07122264368166452,0.07974383393385526,0.0908328047458977,9.830228111917018,9.438773312177341,8.152729637973234,0.039993075148938614,0.03971690702814248,0.04541640237294885,0.018652384103365113,0.03029525121419948,0.012911300121867595,0.0059846889410729055,0.00046003928339287924,0.01100301587207127,0.4024389212815307,0.37141019982736495,0.2333928909503192,2.8143610274003428,2.917457883471311,2.1362637488198426,-1.209761848120026,-1.8187987373727408,-0.948902033275214,20.73509143858733,17.657055766009012,6.987943411766867,0.12279780007486202,0.12003861857759197,0.09002552884724015,21.453163170086313,20.540423375605553,11.795436152436448,0.06110981873776805,0.060157056817915285,0.04234001812834351,0.06206279741045367,0.05549326482659721,0.03771258106305183,0.00934127569780685,-0.005080061120679602,0.011355553171597421,0.4647515804361413,0.49791992800283613,0.5361323211665481,2.7542781829833984,1.6155245304107666,4.276358604431152,-2.9825809001922607,-4.6154680252075195,-2.324366569519043,27.65840524154284,31.73760790058743,36.8085522415697,0.17845141887664795,0.131902314722538,0.18732178211212158,25.166354659944773,21.293239537626505,28.253270134329796,0.0899898111820221,0.06429700925946236,0.09074762463569641,0.0711744075024918,0.08450863569322123,0.08512118585136604
-0.009824851483857614,1.5568374458515936e-05,0.0005139109042264496,0.11676124682117844,0.07651692840491732,0.13094329201722527,0.3162481910044803,0.25528083129807316,0.9216137980317813,-0.28688319522444305,-0.2878792097687098,-0.23019154768643066,1.7574037076372497,0.7494195935868835,2.1947404580769043,0.12025914622615103,0.08711595483062748,0.10388337338728817,11.424444105035056,7.004362827608444,9.163127354756172,0.05401112658125505,0.041251964747478526,0.04777610331475485,0.014663874066783093,0.008942969355037814,0.01834126794699098,-0.0017091743212053656,0.0005495154910208468,-0.007021834950157891,0.0986467637864001,0.2085924177245308,0.12935575293791682,0.3790306194815766,0.6484687258172785,0.3525677889678175,-0.5838235881542513,-1.8187987373727408,-0.948902033275214,1.2459654761459313,5.569420633528322,2.1481237739779377,0.07112284297314175,0.07106222926759957,0.08284619466474506,7.812941792795024,11.665977863248987,9.29361309265391,0.029355820234062593,0.03572397308190502,0.04233608602097652,0.015524276852290889,0.03312660372923917,0.020086363648816708,-0.010741234989836812,0.008692232891917229,0.027836534660309553,0.20150771502122228,0.21124733265403223,0.30739917836077363,1.1036244630813599,1.0945212841033936,2.1110172271728516,-0.4289877414703369,-1.1200191974639893,-1.4240741729736328,5.212253867799172,5.721726779659605,12.194448322402987,0.20146749913692474,0.13153791427612305,0.15577220916748047,18.09935399889946,14.96585202217102,20.44399255514145,0.09677834808826447,0.06564807891845703,0.07788610458374023,0.030986601644668717,0.03314089825373194,0.05010493256131045
0.004588598473893864,-0.004193753734163384,0.00484874163492173,0.11416225061989475,0.07097014104131753,0.12645110758714445,0.3162481910044803,0.25528083129807316,0.9216137980317813,-0.28688319522444305,-0.2878792097687098,-0.23019154768643066,1.6709215619269486,0.6469566066953358,2.0497142918985993,0.1336170954051663,0.06738104716539242,0.06906927325245756,11.093467679174447,5.944920235235645,7.815992788962437,0.06680854770258315,0.03369052358269621,0.032169692368325065,0.013222947964065942,0.008345397960538115,0.018074716713863112,-0.0004676839485341709,0.005365307811113603,-0.003013215546868944,0.0806889348777541,0.09797169909708223,0.08301577240962325,0.33215694788827466,0.6484687258172785,0.3525677889678175,-0.5838235881542513,-0.31156516248400823,-0.40182124244890655,0.8333981363177162,1.2322867650402831,0.8832893358973776,0.041580380197903416,0.03063935862360205,0.05999998355302924,5.50474359806697,5.669408431471978,6.133863502580351,0.021098897715308332,0.01341030709132315,0.026507441957245553,0.012807826539367158,0.014433992438947819,0.013033753735332393,-0.0034076478332281113,-0.0007475651800632477,0.031655289232730865,0.19065546377233228,0.2030182665840973,0.2924512089027526,1.1036244630813599,1.0945212841033936,2.1110172271728516,-0.4289877414703369,-1.1200191974639893,-1.4240741729736328,4.6542230950397965,5.275772853825288,11.07581016641143,0.175201416015625,0.0777130126953125,0.11126232147216797,15.885208249092102,12.11317777633667,16.860182762145996,0.08551335334777832,0.03757667541503906,0.05326128005981445,0.02891568582725884,0.032058157952326305,0.04820353242479926
0.010512488832898148,0.0001312151891843074,0.002895739167932956,0.04988808873907495,0.022383605229182996,0.03072578865075825,0.135270638419351,0.06355902389368323,0.06659195885921358,-0.09485387137712652,-0.05636980058110173,-0.08071080653985808,0.33271472889595205,0.06413350406166797,0.12191480237309002,0.05346651543548407,0.027286755772694127,0.03268588535880154,4.863362354213656,2.2454140754200873,3.1065099496360045,0.022704404922511297,0.013825476476913168,0.01715386814018896,0.004795251623592111,0.0023710685003133355,0.003576124512390489,0.00196288756371689,0.0011989991976927724,0.002831961162634138,0.014812001532726009,0.022750215666479476,0.019796926570333686,0.040057912804702334,0.02942478907554415,0.04721877682840592,-0.022974148046314674,-0.09809353640227755,-0.038600043341929076,0.028575784575138822,0.06643326872926673,0.05119210312420508,0.02271198137576832,0.010329729780879808,0.013807568349921317,1.5366475779972155,1.6587904227077135,1.8271019458825781,0.010372509064225688,0.00519780499669417,0.00664759674811512,0.0013608569587505704,0.0021490995574280024,0.0017351073716590018,0.005477710627019405,0.008217152208089828,0.02485331892967224,0.05785321631267074,0.029362218205079515,0.04638395960604003,0.143233060836792,0.0936589241027832,0.13101577758789062,-0.16637885570526123,-0.062170982360839844,-0.08767223358154297,0.4322559937835564,0.11899666538670317,0.354452373831009,0.06227266788482666,0.03917741775512695,0.06160926818847656,5.666274189949036,3.1177916526794434,5.638633728027344,0.030367493629455566,0.019588708877563477,0.030631065368652344,0.006924201919730737,0.00426575871194297,0.006759502398195233
0.001984389765797531,0.0015427393598139482,0.00310633648076123,0.028170055021541098,0.0183882120799928,0.02852313978320414,0.09033286265951737,0.054629172589493055,0.05866989568047,-0.07104062426863181,-0.03709341516446192,-0.06638357481796335,0.10207869474038456,0.04358481769358239,0.10537201016626052,0.031509043523525765,0.02955397394353041,0.04123058417538711,2.688414850814034,1.946281754076467,3.092403985017321,0.01575452176176288,0.014776986971765205,0.02156024800461038,0.003037724445491655,0.001976014901036118,0.00337869559746482,-0.0017041517690860064,0.0009475585586777189,-0.00012499096462871236,0.012909483601548678,0.01471540507187807,0.011041647223299141,0.031836677330001624,0.017847324425189763,0.04766990484292725,-0.049652841062535154,-0.09809353640227755,-0.025080239559432265,0.021703539214173846,0.027832449747402004,0.015607500306563648,0.01597397158677164,0.00957503066563063,0.011527016967785325,1.2582212252918898,1.0734018822759683,1.0344455075713381,0.007944529968500674,0.004714177434590192,0.005339117993907287,0.0018204746133128821,0.002085987111252833,0.001492424399655467,0.0014168014749884605,0.008837204426527023,0.024777017533779144,0.03769310381996876,0.027331665082999914,0.048199806700177664,0.10806751251220703,0.0936589241027832,0.13101577758789062,-0.09407973289489746,-0.0627131462097168,-0.0946207046508789,0.18211550745631655,0.1056148605805447,0.3759516113668724,0.04768359661102295,0.041045188903808594,0.07605457305908203,3.68490731716156,2.9463753700256348,5.892245292663574,0.02170771360397339,0.020206689834594727,0.03616666793823242,0.005474041977637626,0.004049005329349169,0.0074491101811071415
1.8047245793863438e-05,-0.0005479109772851358,-0.0006440622528872785,0.023158438063609964,0.01809577581739944,0.03649822440749478,0.04602231644711782,0.040118301660215815,0.08728514902364524,-0.06569773580282243,-0.04422793630055031,-0.07946885925744351,0.06864813814388981,0.04195293553569382,0.1705645057389366,0.021902839828391536,0.025708915537557022,0.042732701135476635,2.125238972691884,1.8462362331339492,3.7255509060828467,0.010565656513018835,0.013155503947429197,0.02257748660455055,0.0021927186036701223,0.0018227449813953932,0.003978095433774018,0.0008648664003332863,3.818923050489463e-05,0.00023208591288774352,0.01774126475590713,0.007100678154768415,0.013280055537750957,0.04410474565480745,0.020230976913718883,0.04766990484292725,-0.049652841062535154,-0.019724026611520493,-0.026259684728262445,0.0403840600357911,0.006453899350391288,0.022580958586458973,0.024162216617454282,0.009859268228161687,0.02084804409898467,1.7832941605210808,0.7154865701447871,1.3702640023596893,0.01147986268806556,0.004319517347282159,0.008041528109874739,0.002143854027701188,0.0010244405826707373,0.0015712394782786744,-0.00700032152235508,0.005152292549610138,0.023121751844882965,0.03371963888621064,0.027622557195694918,0.05489768331998875,0.10072517395019531,0.06669282913208008,0.16176414489746094,-0.11156725883483887,-0.06742048263549805,-0.10072517395019531,0.15181037414819798,0.10106262842191427,0.45419149341159937,0.04269254207611084,0.0380549430847168,0.09168720245361328,3.3336822986602783,2.9281558990478516,6.264372825622559,0.023998796939849854,0.018735408782958984,0.043637752532958984,0.004953531719872297,0.004066196293821145,0.008063583832066696
-0.002852399655179572,-0.0015788931602911016,-0.002883864848895216,0.0230413940925358,0.021902825687891328,0.04901221252341101,0.04602231644711782,0.040118301660215815,0.14395479075478457,-0.06569773580282243,-0.0669917948213116,-0.08172985523014796,0.06899737926661273,0.06172501462089808,0.30854574757205766,0.02532691801749826,0.021935202515260363,0.05650390568308218,2.1402310541543064,2.0651543335834965,4.941823910251014,0.012640270829229697,0.010967601257630183,0.02756572547545156,0.002286216015372413,0.0024137063876118834,0.005257071897938369,-0.00012256087295251265,-0.0007622656695688331,0.0015124892371008913,0.01663628848903669,0.009339689013700924,0.012807265159151865,0.04410474565480745,0.020230976913718883,0.01918515441059046,-0.032712954012360414,-0.04470599868000187,-0.026259684728262445,0.03542798282982828,0.011239787497427075,0.02128814906229393,0.01795823876653381,0.00916516649012647,0.02156439422497934,1.6164666907331746,0.8100504849507365,1.387725571685101,0.009179095330560801,0.0040483239858761805,0.010829357915392772,0.0017445717024091602,0.0010286479648128721,0.0011778640444445256,-0.012456235475838184,0.00538688525557518,0.022596575319767,0.03211523519616178,0.030799880738505866,0.061578986850906556,0.059543490409851074,0.08949661254882812,0.22115802764892578,-0.11156725883483887,-0.1101536750793457,-0.10072517395019531,0.15187790514359278,0.12513935184165348,0.5507298352340513,0.04192769527435303,0.038010597229003906,0.08827400207519531,3.474019408226013,3.101924419403076,6.343071937561035,0.020219504833221436,0.018411874771118164,0.040088653564453125,0.004514523245101423,0.004276838368190301,0.007645741674456006
0.0008820779622467196,0.0020839824821315203,0.0017445603225888409,0.02423753968280614,0.021861986995913373,0.056079775208667255,0.12388601644206124,0.03889851140104193,0.20039639986849672,-0.07737388529329071,-0.0669917948213116,-0.1735436680586409,0.07529425810010675,0.0617330506746005,0.4029420388062468,0.023442353974955175,0.022226210637717472,0.06257395420261638,2.1765763966396077,2.0974643045847747,5.328804627059856,0.011865652247001672,0.01104807373364332,0.033035870662630404,0.0032602061369192757,0.002374486332832937,0.006515191894492796,0.0005312461489713146,0.00030755287264116956,-0.00108887523221278,0.020211940766538056,0.01221338832035305,0.020965176648242857,0.07823546421111773,0.03285801109135351,0.07379518133823071,-0.082606238071438,-0.04756465785076174,-0.1133710452840086,0.05232701081866749,0.019105464708250385,0.05641270798890931,0.018434732126223,0.011687080784122058,0.021337655356342446,1.7391378068857763,1.0863290795029996,1.8181113235874944,0.008693792927420622,0.005818130346926335,0.010828360938875518,0.0031070748730893474,0.0018405252937617627,0.003106827050500798,-0.005432755686342716,0.007120441645383835,0.022752076387405396,0.05456281904751279,0.03301632162930035,0.08874658620442967,0.2067173719406128,0.1219019889831543,0.3305034637451172,-0.2520320415496826,-0.1101536750793457,-0.21538352966308594,0.3848468552651667,0.1460196074438045,1.0743825334884605,0.04976308345794678,0.03943490982055664,0.09797382354736328,4.67714536190033,3.3203587532043457,8.48736572265625,0.025115251541137695,0.020056724548339844,0.045534610748291016,0.008616037734584473,0.004893289253473517,0.013800814620543752
0.0017954033218019827,0.00013569639045047939,-0.005123942626301489,0.031503438831486326,0.023757044304640502,0.053465115476011335,0.12388601644206124,0.12067812564959793,0.20039639986849672,-0.08790632690662172,-0.0812667673544021,-0.1735436680586409,0.12744833680603362,0.07224519265318827,0.36925099019530955,0.02561057055204643,0.027649277226068636,0.0461238777423956,2.680838447195446,2.2030671804977837,4.7801936457634255,0.012870211579180859,0.012743596678269804,0.022689553991487914,0.00429267689079587,0.003283782595703112,0.007152329053083995,0.0014426116273702273,0.0005284080653945558,-0.0010615746521819428,0.030409388425798545,0.021764417515323948,0.04727430136440598,0.10394530704656525,0.07179431108167442,0.1793078106122629,-0.10209088407590085,-0.12193856023642048,-0.2771389412707932,0.1186319401905298,0.060668042862708965,0.28620627331005877,0.024651493824160972,0.01489373061992023,0.02873062457808602,2.6078824765177555,1.739369942966572,3.5990895989413745,0.011107204577068127,0.00678716249933991,0.013643158218811787,0.004595498763287836,0.0034052955402036193,0.0076150256060750566,-0.004299510736018419,0.00503496453166008,0.024125728756189346,0.09758683912236718,0.05870619917923857,0.15511071365977205,0.27998894453048706,0.23839139938354492,0.5396080017089844,-0.6542248725891113,-0.1976327896118164,-0.47512197494506836,1.2213346511953809,0.4443863923081608,3.1540971878478103,0.07308030128479004,0.045589447021484375,0.12244129180908203,7.563113629817963,4.87391996383667,13.503695964813232,0.03594028949737549,0.022687673568725586,0.0621943473815918,0.01503030397881796,0.00911613287053302,0.02294662375402747
-0.002320361981119702,-0.00036688899776629965,-0.0013203720426758674,0.05386515418653388,0.049769949913405456,0.08225203865358151,0.12226450137697165,0.2057161261633164,0.20447507728462194,-0.16328531446296132,-0.151428787888492,-0.26031807872987917,0.3720753811535991,0.3170793628057051,0.8661940793601725,0.0394427407260301,0.03777547451258155,0.07796591569165393,4.764628016058493,4.253052754004495,7.5731283299758925,0.021827417871742506,0.01998195314637729,0.03447076920181668,0.007319560697870092,0.006570406613615871,0.011003248434888487,-0.0007332861018245445,-0.00033569446033127927,3.561048509435633e-05,0.09397154830485659,0.07128911387551949,0.0701257439798848,0.3187284325442562,0.30865363915370897,0.1818267138125737,-0.44201288354108764,-0.19478846805621655,-0.2771389412707932,1.1303922687128478,0.6505280573347177,0.6294555183153918,0.05092111942648821,0.043955035134572135,0.0622678079107947,7.262627690607423,5.666748205715119,6.130203762304494,0.025705842862364065,0.021977517567286067,0.030766417183203353,0.014173570992154341,0.010502139405065548,0.010867725270198202,-0.012232418172061443,0.01465739868581295,0.02654992789030075,0.1555182609556887,0.12208036340843778,0.24078280331753343,0.5540637373924255,0.6777615547180176,0.62005615234375,-0.6542248725891113,-0.3025169372558594,-0.9787378311157227,3.1149518777622873,1.9351621716699015,7.511200901687062,0.13249802589416504,0.09450531005859375,0.20944881439208984,13.24677562713623,10.206788778305054,21.78494930267334,0.06383693218231201,0.047470688819885254,0.10372447967529297,0.024307192727443853,0.01986474118695873,0.03661232147686014
-0.021384598877826427,0.0001511507479271734,0.004382027634251809,0.19112887235895704,0.0827640629997178,0.15009342982542004,0.39784162532819395,0.23190575223587268,0.6312471087654542,-1.1264480054223764,-0.3434010127276136,-0.489008887543885,4.734406005551618,0.8767888602585416,2.8860466998970407,0.13607375303123098,0.0639146406636042,0.11899173849263023,14.547772258877007,6.9317171128080215,13.595775916770034,0.07189197194760868,0.030845073034756795,0.06582339414710353,0.026798015322524217,0.011073770950347272,0.019774719575111267,0.006282785172570698,-0.0035976666559740193,-0.0036462003934613404,0.16885277794799586,0.12911601520402383,0.13171026183465567,0.7988542252023795,0.4523529379250051,0.45153713607175966,-0.499527225893926,-0.4959778523203638,-0.5069810329259298,3.6544939533158236,2.1355377392042523,2.2221936447824424,0.14344493851464984,0.1109275981958136,0.10258072192432464,13.817895381565133,11.09893770076756,11.075418705172503,0.06961672054899126,0.05415894205633329,0.05220654306583768,0.024582226612897398,0.02016746632649613,0.021173147082949057,-0.061484060948714614,0.008437303826212883,0.00674772635102272,0.4449732726195959,0.17771544719666127,0.5744357618112753,2.0276994705200195,0.6777615547180176,3.0379714965820312,-2.5876641273498535,-0.6108369827270508,-2.562112808227539,25.82803239635692,4.051707938325137,42.24281296110189,0.2563704252243042,0.15966796875,0.3620414733886719,30.755503326654434,15.478776693344116,44.13332223892212,0.1244620680809021,0.0777883529663086,0.1990647315979004,0.06795476063234454,0.027482580042353467,0.07917621905309181
0.01292547128153032,0.0017113694638568708,-0.025092469563601352,0.1984386242326508,0.09546425551321394,0.16066836228481002,0.39784162532819395,0.23190575223587268,0.6312471087654542,-1.1264480054223764,-0.3714377775190216,-0.489008887543885,5.061754290585197,1.166893166865155,3.384826197514654,0.13306969518319453,0.07479215770689729,0.18027369189372655,16.665931286009076,8.17503374197323,15.16956709569917,0.05885985835192201,0.03683064146402963,0.07781738893488163,0.026922709470143566,0.011223250188365862,0.020819965800300794,0.0034383003832063417,-0.0008525334269111522,0.002717980998343134,0.16382239659564998,0.12403701131633749,0.14309308162934106,0.7988542252023795,0.45498544576428135,0.5444751840839346,-0.499527225893926,-0.4959778523203638,-0.5069810329259298,3.4367487405910517,1.9693960946602531,2.6218262311537432,0.11825463811362225,0.07039601117887315,0.10733137586986129,12.32477626118638,9.359921501413053,11.622419322702005,0.05857469483367661,0.036345061085347095,0.04887781477530954,0.02408550017798419,0.019388240762713928,0.022146147653160045,-0.03982709936099127,-0.0017384178936481476,0.009808816015720367,0.46082780010427216,0.21979312015576621,0.5947029402344254,2.0276994705200195,0.7204923629760742,3.0379714965820312,-2.5876641273498535,-1.2034258842468262,-2.562112808227539,27.38540277663402,6.183940833866245,45.2822783993729,0.2498856782913208,0.16896963119506836,0.3349876403808594,31.468835093080997,17.54129457473755,45.0810432434082,0.1293327808380127,0.08510518074035645,0.1594071388244629,0.07043000016791984,0.03451604382457434,0.07996097484066592
0.029522139457748023,-0.00220218498383229,-0.03701865623816062,0.3245547490799121,0.2257075514681106,0.290371994988734,0.8088633107448727,0.8184368481848115,1.128015749783325,-1.5987910332178341,-1.2093068494169625,-1.0112487726500368,13.594539759166391,6.521439796279401,10.967843377077308,0.14475302109287214,0.14168193939605295,0.22015551833452507,24.85032665820876,16.060105460467412,24.267597002616963,0.053508923633368344,0.06789081659954994,0.12097006464465482,0.040194479070027524,0.02997142660303945,0.03753087734318462,-0.005497468756253924,0.007044390618642208,0.007636220636904768,0.20197927105429778,0.17611476043441762,0.23260893629390542,0.9601414191598542,0.8513698206198576,0.5944354739076817,-0.6989142427239948,-1.003861437805948,-0.9043918816698095,5.225708556588988,3.9764521321037214,6.933149326002897,0.1268509152099608,0.06521791975836715,0.14726655499632535,15.641917856454812,11.650362387526394,19.04961810058552,0.06270603817964246,0.03616990667348338,0.06797200014074009,0.02975613503541029,0.026752990285377906,0.03501531688393964,-0.07540474837878719,-0.005734905367717147,0.10532300919294357,0.6750971801824153,0.49756197619200704,0.9737237778070915,2.7849347591400146,1.6423938274383545,4.756196975708008,-2.5862579345703125,-1.7023241519927979,-4.232602596282959,59.064586082344526,31.692903589334026,122.7815592617435,0.28286805748939514,0.21061748266220093,0.4433774948120117,47.67432654649019,36.29014077782631,65.14195346832275,0.1666698455810547,0.10695219039916992,0.18034124374389648,0.10866179297973719,0.07887353062237062,0.15060727111930228
-0.05574968686927037,0.019689869599151824,-0.01893671893403537,0.7097356872694872,0.39839231920022106,0.7894233350464758,1.110865103828635,0.9336791386195518,2.0512461136810165,-2.409568952131103,-1.2093068494169625,-2.5473991393773696,64.87459499134886,20.36532876320799,79.81411855870553,0.7272462879451713,0.4340437689967071,0.7812307647309968,65.92054235055072,38.60814213727267,73.74343332301996,0.36362314397258566,0.26016846955743145,0.4027654076240168,0.08410519497742655,0.048639108057264416,0.10074868426484505,0.012676976960583763,-0.004952488121151266,0.021942767707152543,0.337679544099333,0.27510103527359436,0.4754421746101859,1.117884763522779,0.8513698206198576,1.2878634121120494,-1.1443798069293898,-1.003861437805948,-1.1401008550728904,14.616087071743046,9.690253663640776,28.995423545947194,0.34935916494740726,0.2603863153583226,0.5426692980411696,30.54165442301811,24.96294701726848,45.82492516884142,0.17564729611449298,0.1310040134068743,0.27659688280385236,0.051323629334812285,0.04287885739657968,0.06952378903457407,-0.24180266773328185,-0.14122255647089332,0.17755592986941338,1.3909545735116726,0.8595585114788077,2.337890521044767,4.272581100463867,2.0544450283050537,9.918721199035645,-4.155583381652832,-3.1120445728302,-5.085601329803467,255.1325639290843,97.12443457431527,703.6490491677139,1.2745491862297058,0.8515208810567856,2.0690793991088867,125.091004550457,79.77116926014423,204.10324907302856,0.6066785752773285,0.43543724715709686,1.0341277122497559,0.22032186955880254,0.1350345980051769,0.30444303632073355
-0.016353116199589866,0.08442451854446861,0.006012937414706966,0.7801955866586261,0.6323854971958011,1.0868731405913827,1.270397807623954,1.8673592872305484,2.518716777776861,-2.409568952131103,-1.5761163044311781,-2.5473991393773696,77.94848996493249,52.100981298565884,151.21016053188214,1.112471205705622,0.8313709435632619,1.7614464252666926,80.54437121645512,67.09758069827335,118.9966218706635,0.5215879987103484,0.3860162110028797,0.861369049713966,0.08944277330518931,0.07827082771925756,0.13098604900834687,-0.017590850590800605,0.018913968650019763,0.007744316159389024,0.48039609495148794,0.37421115705809477,0.6489613400693517,1.1671146345243604,1.484218270435229,1.2878634121120494,-2.3013404888195756,-0.8775295319168173,-1.929457735529995,29.579500296850803,17.97014121943705,53.91498180318531,0.47564128845578063,0.4590998626584093,0.9209232319723629,43.2737923175572,36.72403540047904,68.4702896445286,0.2543046009601111,0.23529191973462318,0.4592740084257661,0.06899928897512894,0.05897281554651742,0.0936053601094537,-0.362932724528946,-0.3226045366609469,0.1984325870871544,1.6584251129507959,1.254481587636254,3.4210416957970504,4.888619899749756,3.3531317710876465,10.242859840393066,-4.50627326965332,-5.97879695892334,-6.5198822021484375,368.9080342783825,214.75811082145287,1503.0914273280077,2.1493332386016846,1.6214146614074707,3.99790620803833,167.38008438050747,128.1807653158903,338.58580684661865,1.107101559638977,0.8172924518585205,1.8431196212768555,0.2624084910040052,0.2041234958608905,0.4527529657640575
0.07420179973876037,-0.13650213227235927,0.09095137016194245,0.9672042090301103,1.0342172201156143,0.9972483712691823,2.6256757057712763,2.3209582784315854,2.518716777776861,-2.3027528453098602,-3.3501287083711686,-2.298109058219546,120.44670579840411,139.29447558381693,128.35538761387153,1.3270275546981436,1.3686996040885253,1.4997233692167566,98.89719809302079,104.59759928965445,107.21130656464113,0.6635137773490718,0.633520647315293,0.6983960297785586,0.12836639138168857,0.12426989774646086,0.12267870819243702,-0.008577204818237236,0.029692885752170675,-0.01040817522132758,0.9226655465163833,0.6379136138487704,0.6701505751686583,3.621931691716515,1.8075742788239402,1.8899292918926787,-4.138714720359546,-2.390677676579586,-1.929457735529995,108.97731573387142,52.200377113329886,57.498895809321105,0.799111428621632,0.5941095662996196,0.9004729274163236,74.52442271576368,59.652423258080205,69.46470542431717,0.3856809175605153,0.30167558355487106,0.44321190079494643,0.13640009484121124,0.09649888958775221,0.09631209942533095,-0.3868008676217869,-0.709939937107265,-0.06364019494503736,1.8753373324021665,2.2818304636398037,3.1665145945907804,5.148277759552002,4.2798752784729,10.242859840393066,-4.50627326965332,-9.864742279052734,-8.613327026367188,469.31264275126273,730.9779173240966,1283.9506882776386,2.5511165261268616,2.4538066387176514,3.586371898651123,201.76133124530315,223.7224508523941,301.9718943834305,1.3005605936050415,1.2391492128372192,1.7341361045837402,0.2919258111366526,0.3344986979423388,0.4589791423589557
0.04524397192054646,-0.07543503611612867,0.02948769731368575,1.1100310680946155,1.0920984151396649,0.9779222252372057,2.6256757057712763,2.7393008536047923,1.8540902348496555,-2.3027528453098602,-3.3501287083711686,-2.6816999710837837,157.97964660869366,153.39128230712438,122.52177957193622,1.6614217454280613,1.2702822412754884,1.4052172986961897,116.12097288099358,104.97696692569829,102.63412679971238,0.8553468362120095,0.6111498292910722,0.6711139878487142,0.14732629400977404,0.1342794498678357,0.1291922506918244,0.021146806904578506,1.8042863352555477e-05,8.773506182464634e-05,0.9606798986929389,0.6198202069017814,0.632783291766062,3.621931691716515,1.8075742788239402,1.8899292918926787,-4.138714720359546,-2.390677676579586,-1.5322571879748719,118.18919106495163,49.17466741879193,51.253081860573985,0.9781238732348478,0.6336378500746027,0.7225217815084473,81.90180583446327,57.81530247240497,63.06584396291567,0.42819782255493194,0.31681892503730136,0.36661171509433,0.14163186764045968,0.09468001362904438,0.09303672337067459,-0.3024941887706518,-0.7424907290842384,0.02865076158195734,2.139057325174254,2.6701783646886246,2.9026202318264467,5.148277759552002,4.2798752784729,11.168096542358398,-4.572216987609863,-9.864742279052734,-8.613327026367188,597.3848287515711,983.1865576994884,1078.5312097724727,3.364412784576416,3.1914013624191284,2.989127278327942,237.3703649044037,264.81441411376,270.5517336130142,1.6128344535827637,1.5838783383369446,1.4976787567138672,0.32141952288296405,0.3995224394307949,0.43807884378780665
-0.010045225175759342,0.12689460780592052,-0.06345487443477155,0.9650339374815123,0.7828158758080702,1.0467118023418411,2.381563291985587,2.7393008536047923,2.4047550361201417,-2.445094262291639,-1.7279811000746903,-2.6816999710837837,119.21810010110755,80.49957592414394,140.75291113615845,1.1075786511920263,0.8080166805217635,1.3761890782778878,99.06205761519425,74.89108497451187,107.48345852641032,0.588232940750672,0.3921731435084638,0.7183284401417809,0.1318953265036149,0.10140750823661686,0.1304205079180063,-0.013397198479591262,0.011632505657517153,0.002587321200051864,0.6727715519709507,0.3973576186458896,0.5324897375851638,1.9066235845344424,1.264102661211739,1.7021656861238728,-1.9141168804683304,-0.7259175185972473,-1.5322571879748719,57.9585338967684,20.22763421232697,36.29465790265713,0.7868929892749651,0.47354316715459266,0.6860951575316581,64.90147271833797,39.01937461571063,53.903821958289925,0.384280248662602,0.24629774697826357,0.34548201231411546,0.10266984682702834,0.05965401500508653,0.07465443976352848,-0.13501605577766895,-0.3802481375169009,0.37077461928129196,2.1169883691748708,2.042887664796469,3.3072359808849416,5.1953935623168945,3.6042892932891846,11.168096542358398,-4.572216987609863,-8.27260684967041,-6.469246864318848,575.983243589048,552.7012681040178,1417.6363074000856,2.9827520847320557,2.1682379245758057,3.692066192626953,223.26271796226501,193.0985400378704,315.3123083114624,1.484851598739624,1.049147129058838,1.79295015335083,0.3202373150705088,0.2896563286681094,0.4687927085353261
-0.0336963855049909,-0.02859951273168773,-0.02699280069940057,0.7644331154808396,0.5687600772273582,0.928491203945394,1.6099005487084175,1.4072187651993535,2.4047550361201417,-2.445094262291639,-1.7279811000746903,-2.4419072282281347,74.94315960830001,41.51116256974853,110.4415394679763,0.8798883472909511,0.8797642998386083,1.2251644400416715,76.43317772533828,59.217548904408176,94.5906039356184,0.4498864665352335,0.44276982158999045,0.6132644341522047,0.10360377138470395,0.07385136169620445,0.12251365018605107,-0.010210684902579176,0.006701196753185229,-0.008040521758053934,0.6033632658780366,0.4039816886606515,0.521315013663017,1.9066235845344424,1.7475602807611683,2.357495946820617,-1.866106401628376,-0.7500630053360243,-1.823266776150214,46.6113905532403,20.895502183812674,34.794751162958526,0.749902105138534,0.4612425788712271,0.5613270458703157,60.037952311728844,37.72711665008563,48.60902158296789,0.37627672829992265,0.226854366055233,0.2832780552489229,0.09356010434749515,0.06162018638629961,0.07777610763397522,-0.06673847907222807,-0.3313638446852565,0.08100172504782677,1.635434823064148,1.2698965445684522,2.6768478602349033,5.1953935623168945,3.2528653144836426,9.296882629394531,-3.5927481651306152,-4.427821636199951,-6.469246864318848,342.92493889020596,220.47222162835044,918.0256955270277,2.044128179550171,1.5861663818359375,3.0863280296325684,161.49992308020592,126.97604763507843,253.22043466567993,1.0555256605148315,0.7117351293563843,1.4142827987670898,0.24258171076737056,0.2080092583593165,0.41750219438241865
-0.018584407326110206,-0.05376554360044558,0.046757301071735924,0.5319054692604303,0.4379813397657419,0.7627451360888036,1.3587467017927817,0.8189533338340005,1.9301554525635625,-1.416347923091951,-1.0821548423416265,-2.1133106351692317,36.258407478377116,24.92395362069064,74.74769764232195,0.6661289548260291,0.7118768283488561,0.9850630422102034,52.71400928041847,47.55575978446302,79.56646482740808,0.31903937157088147,0.2990111369808105,0.46721160487598534,0.06931081766309669,0.05183935518181667,0.10410437863994308,-0.02410097276387102,-0.0015211786828224945,-0.04182309919870343,0.5244029723752013,0.3595689379489513,0.6204997064402173,1.4378957792189295,1.7475602807611683,2.357495946820617,-1.7017565747698347,-1.0445086236249919,-2.200742720698116,35.2741547934862,16.5493932956572,49.50643933682949,0.5836637897338623,0.4232906588495142,0.5986316940035168,50.205415754825545,33.00663293425469,56.52733491031111,0.29613385805778714,0.2212030208971717,0.2971745497418942,0.08084931528339918,0.056004675717019184,0.08661573674039261,-0.10529063921421766,-0.2789079024223611,-0.026484549045562744,1.0161955846346689,0.9641449778915689,2.141023833986898,2.1255240440368652,2.132631540298462,10.48517894744873,-2.2875115871429443,-3.1481690406799316,-3.88405179977417,133.59866687195324,128.94274002267844,586.8396145968773,1.511580467224121,1.189440131187439,1.859372615814209,106.89552015066147,94.37560161948204,189.33892822265625,0.6855186820030212,0.5849383175373077,0.9747433662414551,0.15699554562036336,0.1472407391401213,0.32062087246468585
0.026099961487833764,0.07038720964501081,0.025665816141618787,0.6441630356479605,0.5052355489632796,0.842487676877119,1.3587467017927817,1.2879081086699173,2.220553567981206,-1.5844519952312486,-1.4769605123174798,-2.6810941464720646,53.200284734062336,33.30781685988317,90.93686013542654,0.7865283765248124,0.5539333833675306,0.895674584625689,64.56215352180867,50.26916868323256,81.70433225986503,0.37647259305401193,0.27531956669516217,0.39578950753905023,0.08515815139246008,0.06595244961538796,0.107427722283235,-0.03507991321336224,0.004496634668644202,-0.010138879502410172,0.5259284355924712,0.27194569005734376,0.6854661333672222,1.2693500270908031,1.1343073464349802,1.6000739918101843,-1.7017565747698347,-1.0445086236249919,-2.200742720698116,35.56240891850253,9.468758792205834,60.15572695948479,0.5330067529975465,0.27595666910042277,0.8135209841873943,50.07157605332101,25.109781003757515,68.12353186297707,0.26934591944182756,0.13027338604584898,0.40592848371712453,0.08457231819177097,0.042480590818026916,0.09477748584824602,0.07024162705056369,-0.02524385927245021,0.003031264990568161,1.5136083205631103,1.1518471613152286,2.5409598962039945,6.851271152496338,2.7352774143218994,10.48517894744873,-4.237048149108887,-3.0223286151885986,-4.6882219314575195,293.8808363838193,169.9058093389974,826.4302569836107,1.7413261532783508,1.3441396355628967,2.5804786682128906,143.88051250576973,109.26875393092632,237.07202196121216,0.9284720718860626,0.6720698177814484,1.2746291160583496,0.2335259758007729,0.17140149219645553,0.34667593429550925
-0.014456999266838522,-0.005695752635181173,-0.03156724716241465,0.6940553907300219,0.637822478486607,0.9597629862242053,1.3503472196455775,1.2879081086699173,2.4612857152528766,-1.8295729112267325,-1.973038863544616,-2.6810941464720646,61.686001949338205,52.076794324592555,118.03410954488538,0.960019668278181,0.8737579855634067,1.1361432247222543,71.37567586586597,64.03536203738243,92.7751146050373,0.4800098341390905,0.4201605423282042,0.5835265502401089,0.09000320612244699,0.07628519799300927,0.12434652062047338,-0.009149699936750286,-0.0023413634363189002,0.012663874863903184,0.4991725565853704,0.2274631415379372,0.6300352585877097,1.255160535133691,0.6247079220662058,1.6000739918101843,-1.2255033091788292,-0.5619954365887473,-1.4146181606931363,31.904890656884156,6.62335523085422,50.82941450115213,0.5946788668204481,0.2846681642398412,0.759597577900424,50.92161827488532,23.101247337198274,62.36245436254391,0.2880250554244319,0.1421302312135429,0.38360517055397825,0.07803879176183887,0.034936746851199685,0.08439798455739456,0.05798398988554254,-0.11134832038078457,-0.020701814442873,1.6717916031832352,1.3123662456817824,2.696880401213565,6.851271152496338,2.7352774143218994,6.02336311340332,-4.237048149108887,-3.4337642192840576,-5.280134677886963,358.17591136729794,222.04206224083418,931.0198353370968,2.0926889181137085,1.9455547332763672,4.161793231964111,165.12944858521223,135.62544490396976,282.2589039802551,1.0486531853675842,0.9406450092792511,2.0199906826019287,0.25833617978922435,0.17077844047487822,0.3144048510984758
-0.03998489167533506,-0.030325390362989084,0.00741272593662393,0.5687682488130489,0.5777462985979481,1.0150678378536946,1.3431429085636566,1.284744263549338,2.526876165638785,-1.8295729112267325,-1.973038863544616,-3.1034470928424853,41.61230238977929,42.842933100070006,131.8934609857006,0.8640875446111578,0.7831281283843006,1.2055386290375893,57.64215201599717,58.23822655606977,99.56117188498419,0.4154486285594924,0.3893662201366124,0.5888642677947505,0.0761445358596409,0.06825160153583328,0.12702491047739684,-0.002852977116692303,-0.004290225844151924,-0.002485717279373679,0.41843481892539236,0.22277726792336403,0.5628478858046229,1.0689202228519785,0.6247079220662058,2.0391135117795898,-1.2255033091788292,-0.5619954365887473,-1.3411236526156245,22.412267157446948,6.354958994072597,40.55090193217624,0.5352546628842528,0.3123783445442041,0.6726382813652588,42.62468698554104,22.945659004438095,55.06274021142636,0.25467913353356597,0.1455111459309406,0.3445982988690744,0.06351332334268477,0.03453605764545046,0.07074532351283226,-0.11762718873796985,-0.2212847436312586,0.08853907138109207,1.3449014109145643,1.3505939514481735,2.8052738065394194,4.35901403427124,3.0180118083953857,6.02336311340332,-2.868422746658325,-3.913188934326172,-5.280134677886963,233.2922829581288,239.7530828098997,1008.3072379926002,1.786383867263794,1.8870540857315063,4.562709331512451,136.46380385011435,139.0302231013775,297.10317516326904,0.8610855937004089,0.9291140660643578,2.3473453521728516,0.19115061451616064,0.19139716524184813,0.3110349509582009
0.022611551498994027,0.004507399700703272,0.03997349058970485,0.43484772973657276,0.4652350139576449,1.0494008735394924,1.1268101833869684,0.960357605570419,2.584859525005729,-0.8826241144275758,-1.3470606418115358,-3.1034470928424853,24.269290280735117,27.707383662621684,141.16352938692805,0.5976821067479434,0.6316582211999893,1.171839338376442,45.06097939255161,48.18281680687112,103.34882752762365,0.26953678576164974,0.33225346924816035,0.596196077805706,0.057186274985611824,0.0571497531534715,0.12810122458996584,-0.0013475801500812817,-0.0061849007724106755,-0.0004058888471313287,0.3688887557589685,0.2112060279069537,0.5508183605912156,1.1289757997286443,0.7066580352031809,2.0391135117795898,-0.654491439760139,-0.6446526928054761,-1.3411236526156245,17.41833345250059,5.7147186203900775,38.835331982099284,0.5230399152965394,0.30783074317367143,0.6226545424507994,38.46444762691295,21.871139441464898,54.30859719387319,0.26426180955652717,0.14795906220496907,0.33265244343587075,0.05463496254950146,0.032811859254405565,0.06740948450979893,0.02791939163580537,-0.15806981944479048,0.039328694343566895,1.2744635073203003,1.4358079146558336,2.7469660040389146,3.507674217224121,3.0180118083953857,5.970233917236328,-2.868422746658325,-3.913188934326172,-5.153738021850586,208.00470066182055,267.0758957577781,966.0632286136693,1.5461684465408325,1.8360991477966309,4.442471027374268,125.18872994184494,145.1907528936863,292.37073516845703,0.7789823114871979,0.9250695109367371,2.43170428276062,0.1776731872451519,0.2034105598501761,0.29759057683197937
-0.0416803004364129,0.0024921974482706513,-0.100269551957269,0.5642153808181903,0.5881782811896911,1.3488807324381373,1.7178296981341086,2.0059040828209866,3.196581653240211,-1.753737082886278,-1.4437120625470516,-4.337833392004602,40.9697591547245,44.2828673934567,234.1802513142474,0.623999159123914,0.6762013528796461,1.6438610799168096,55.518021534306136,57.01585716508289,130.72987226990668,0.3096872769600682,0.3351121850477989,0.8497592883371154,0.07075240341661491,0.07122852576299746,0.16356950720883384,0.02590308336642284,0.005821011826127536,0.07904416747487446,0.39536714453185334,0.2489967213733564,0.582622636682457,1.1289757997286443,0.7483863198556517,1.428097066569189,-0.8493950885579407,-0.8519034000336845,-1.2536713428729245,20.09422703400439,7.9402561834701855,44.24923099988662,0.5424477637363038,0.321448805498932,0.7213269016344283,41.23652024045215,24.75364683522125,58.36932389663383,0.2729567514308625,0.1573212072789652,0.35533614929813684,0.0604181547112331,0.03720764442937047,0.07968006057270326,0.24320081272162497,-0.1714492063038051,-0.3151826448738575,1.3596804579284303,1.3940090872066677,2.8633536849183954,3.507674217224121,2.915300130844116,6.427515983581543,-3.1919143199920654,-3.405552387237549,-5.952455520629883,244.20833062155828,252.499989191292,1062.1612063443756,1.973479151725769,1.788069248199463,4.678252696990967,142.4533849656582,143.74750238656998,310.65452241897583,0.9770248830318451,0.8750525116920471,2.3168554306030273,0.19275836477106417,0.1803417338474384,0.3216346987201386
0.016332359676348246,0.06964195865653586,0.07002693671355026,0.9520245212443154,1.086790842980624,2.4905171297763906,3.435290706640947,2.1833984146117924,5.938541353595279,-1.771122988178639,-3.0966781553330547,-4.337833392004602,116.04703168295234,151.8034353653829,794.5701562336151,1.0975290233053936,0.8879027392731227,2.566384613040323,91.15544666974462,101.81939150386353,250.36220557421518,0.5427048837294377,0.45013102271956307,1.3971986795895597,0.1070210801851548,0.12177594947082213,0.2322274921780328,0.0017129602744428221,8.650308822849041e-05,0.03636742901571327,0.4618224400678394,0.2805088030654497,0.563937406918696,1.1172846777068781,0.7483863198556517,1.428097066569189,-0.9927544756116411,-1.156759417869601,-1.2536713428729245,27.300211249038707,10.071705098239423,40.876542568370645,0.693695994948637,0.28297999872867985,0.7436784191723874,48.675120786328435,25.758769276138814,56.612980985297895,0.32997954936579615,0.15081610517031235,0.30665476378568457,0.06530151193142074,0.04156968574811119,0.073031668459758,0.6898313713027164,-0.15924626751802862,-0.15456883236765862,1.4700723701705019,1.406793182338589,3.2342907129253398,5.869368553161621,2.8733761310577393,7.129352569580078,-3.1919143199920654,-3.6539289951324463,-5.952455520629883,337.533452079629,256.56658324387286,1342.0195762757892,1.6464331299066544,1.8542139530181885,5.31483793258667,159.87585045397282,142.8973065316677,352.2128653526306,0.7894425094127655,0.907750129699707,2.7255301475524902,0.21731733471609782,0.19561517189214134,0.37797318175982986
0.06635568860254391,-0.06767954339370677,0.21355280467575027,1.0282357824133728,1.3380746811038526,3.017084648430674,3.435290706640947,2.1833984146117924,5.938541353595279,-1.771122988178639,-3.0966781553330547,-4.20748763156532,135.89400341058032,229.76311971906017,1170.9957857511586,1.224188654336765,1.9573146245812612,4.839339313424761,101.91593688480143,141.19202763779822,324.9871300604613,0.6822972745817502,0.9726862582455404,2.49875130459049,0.10895825681923242,0.12546819925140482,0.2602273938624833,-0.016099719466751875,-0.008112259412992472,-0.07856754329847515,0.4553733125269862,0.2999547162097726,0.4787584086752925,0.8889236661601315,0.7046225488559242,0.9161445257322498,-0.9927544756116411,-1.156759417869601,-1.0613596305984416,26.575879005274636,11.524945987746417,30.128956510368777,0.71129699305932,0.3194198365613255,0.6728886017622366,49.02049576970398,28.910091965471334,50.68675957915402,0.30182418414325346,0.13183432075639911,0.31538841822267194,0.048704816075199726,0.035236251509859144,0.03981963006200718,0.9576760173513321,-0.28840643528383225,0.12147605791687965,1.3676352631776811,1.474845501895235,3.188342905141201,5.869368553161621,3.3616445064544678,7.129352569580078,-1.169245958328247,-3.6984622478485107,-5.125482559204102,356.8089046140153,289.0684833758378,1303.0767249166413,1.31551194190979,1.99484384059906,5.553828716278076,149.4058083537966,152.67952816188335,340.97530698776245,0.6474867276847363,0.98763108253479,2.479118824005127,0.1670087438671205,0.14982821024925647,0.27941119047728163
-0.07814514775488238,-0.06581909530244054,-0.17715015114771698,0.9620152832755556,1.1258015683522478,2.7168296148289968,2.291385388263645,2.044400135525064,5.514295503333276,-1.8475551070498277,-2.999362538356286,-5.956391468521251,119.24224887979263,162.78544955018407,948.8058025041325,1.2518072503652793,1.784527522984225,3.700563346308574,99.36626276017525,117.67241793112031,277.37290386092855,0.6713023998844438,0.807535808274628,1.8427847120510008,0.09978434944214953,0.1242981146925644,0.24118263230653686,0.044849976498383876,-0.00021693158207896496,0.016381887179954573,0.39448704272471036,0.2500916586339758,0.5911816647187843,0.9636364079670405,0.7046225488559242,1.8581794335698314,-0.6706123232328448,-0.5327432447436896,-1.1985152725208026,20.17683805050791,8.005873251533362,44.76980824668795,0.6072093461463965,0.30770349131137764,0.8426548963261447,43.11977178795082,25.00914667773905,60.21072823659606,0.3099564874960075,0.151215864511848,0.4213274481630723,0.05217809059479279,0.031779465633388654,0.07256192140199952,0.4893937258020742,-0.412903954857029,-0.21937677636742592,1.3538683875215891,1.5662515790973799,3.045852488160766,4.951237201690674,3.3616445064544678,5.777032852172852,-2.347254753112793,-5.445569038391113,-6.158839225769043,265.27562618684686,335.825111675086,1193.643974354495,1.5959528088569641,2.024968981742859,5.174481391906738,138.16864515282214,161.84391106665134,328.8380150794983,0.8205341547727585,1.041769653558731,2.5979161262512207,0.18200677271617027,0.21427260367495468,0.31423975868347803
0.06959558996776591,0.1331574866787219,-0.13541522661800648,1.5147136047484404,1.303226950622862,2.7539478117840077,4.572925940108116,2.812678462368962,5.842872085048029,-2.629311580244297,-2.6341440279891692,-5.956391468521251,294.2977088707808,219.66481933930973,973.1284267046308,1.8062152110607985,1.749057051977519,4.013205902130065,146.7188522909049,135.40280853961528,286.32236892134495,0.8880950118604088,0.8840536033729447,1.9709862065448942,0.1354364700418908,0.13668748215368026,0.2751286486155994,0.035857234603906024,-0.012927034394122953,0.04143398443715844,0.40422008516123276,0.27248637775391843,0.6725733400077086,1.1263966497145004,0.8586127906323502,1.8581794335698314,-0.8194588041772313,-0.8045664535456186,-1.558945797542861,21.078991170712822,9.525239587798778,58.121174112699364,0.46712488090783905,0.42649885235020824,0.7509685156022441,40.72892092047859,27.95150464228308,66.33242000551695,0.23525367571920536,0.2075351228441602,0.3866209313112878,0.05501210469051387,0.03460054316295315,0.08065345156367437,0.2890017796307802,-0.3423423324711621,-0.06264637038111687,1.7991341592843875,1.7044092078719846,3.084051936999248,7.8628435134887695,3.260632276535034,6.199418067932129,-2.829235076904297,-5.445569038391113,-6.158839225769043,425.011936221913,386.8427546215167,1217.9585174823353,2.2410647869110107,2.3753589391708374,5.38112735748291,173.43746829032898,177.43910199403763,337.44742155075073,1.0628384351730347,1.193718135356903,2.473365306854248,0.2036106210716057,0.2274594482326453,0.34768431482324863
0.038496374033250375,0.059483517578917955,0.17263341016020545,1.5613424380691094,1.3723774598229834,2.793429305183438,4.572925940108116,2.812678462368962,5.842872085048029,-2.629311580244297,-2.6341440279891692,-5.077962258650111,312.2268390053504,241.53064717999948,1002.6303459022287,2.016016888530426,2.4577518859013825,4.993452058680562,156.71973730796333,147.98109126256125,302.66118193981447,1.030533390402303,1.1974578097232786,2.3941816188165297,0.13986938607731775,0.12212483283842544,0.23570075440179178,-0.003151267436861403,0.008896832367845092,0.017902606171489033,0.4218149543527148,0.2821616295816245,0.635537491733247,1.1263966497145004,0.8586127906323502,1.3453384872439988,-0.9481393201961918,-0.8045664535456186,-1.558945797542861,22.77603663386133,10.200875370795433,51.74123605840877,0.5224707250236531,0.45256326697509247,0.6355904473452387,42.47544519620818,30.244073587765538,60.82800259446338,0.25935628941750566,0.21451305961055162,0.31779522367261936,0.04462061301168231,0.03197329394493159,0.04732302793469076,0.26073811762034893,-0.39026233134791255,0.25029025971889496,1.7698098086169376,1.506370867905501,2.917719602965916,7.8628435134887695,3.260632276535034,6.616951942443848,-2.829235076904297,-3.610527515411377,-5.283369064331055,409.6270239560859,309.9466085047651,1097.6938106421421,2.0622233152389526,2.3342961072921753,4.82963752746582,169.25095462799072,166.8570403456688,314.3338813781738,1.0008257031440735,1.162306547164917,2.4484753608703613,0.1796824219177159,0.14745249591923731,0.2541131480157255
-0.05052639064366222,-0.039596542324566594,-0.013158270833559901,0.9932399074593568,1.0076748945333476,2.2976747308988457,2.143212957569631,1.8609402404525495,4.805911905968997,-2.606625963520886,-1.7627029217967876,-3.9583028960221722,126.60203902993244,130.17300214231727,675.7737355651087,1.3645320298309425,1.5691265273782875,3.3808042317756803,102.60482048301263,108.49446147613807,238.46629509278154,0.7645657790729732,0.8090096363403119,1.6421909640867327,0.08330165134369831,0.10096849632567083,0.20513135299898505,0.026291451082972383,-0.0016213970629141428,0.028233069857085506,0.3676111748265534,0.2080388860846634,0.44043286837394896,0.5894664327095446,0.45926970099148867,1.3453384872439988,-0.9481393201961918,-0.4794145010292904,-0.5913723845147456,17.38613968094811,5.540199302628249,24.931611875540383,0.5040891703303337,0.3268410082788583,0.4020032846709012,39.10708415496791,22.440914293241388,40.47545255713435,0.2537023973056266,0.13499562582999922,0.18349550315148688,0.04552798604318173,0.026323640524696882,0.04288700742263872,0.374989737290889,-0.4307084884494543,-0.11611657962203026,1.1888945663188701,1.2145688624353517,2.6287422095311173,3.717850685119629,2.757420063018799,6.616951942443848,-2.599566698074341,-2.797726631164551,-4.817739486694336,198.92321189069094,212.56797742334942,886.2423890219086,1.6679856777191162,1.9800392389297485,4.00625467300415,125.44368100166321,141.87199187278748,278.01468420028687,0.8354680240154266,0.8324072360992432,2.093477487564087,0.14305168337028018,0.15571655919523747,0.27798545369397687
-0.00805869721479055,-0.040358714682720814,-0.08762519169843824,0.7263400765789537,0.82662547248248,1.518124549731126,2.143212957569631,1.6051053405098992,3.5116804020563714,-1.2440844751561102,-1.7549661995891883,-3.9583028960221722,67.53726072902653,87.67212769378877,295.98468130771477,0.944632805352591,1.2248346330853124,1.7339097784429331,73.7292618625326,87.47362483876154,147.79666664859974,0.39604995555997685,0.6027208423290343,0.8396150019682752,0.07952885358767414,0.08873421369589714,0.15459243806384235,0.04255444317138554,-0.014452592947981718,0.029636403319286235,0.3235154847021174,0.27897523294809545,0.5401817278560087,1.0820564749342787,0.9114685910663954,1.6968655908541892,-0.726218072151177,-0.8663162123426325,-1.97521032750587,13.628563132886095,9.988615429294615,37.46235078543443,0.458871374003472,0.3448145430676931,0.6185096992400687,32.99619701622003,27.179294293113628,50.22834691030524,0.2209367035859913,0.1496632034092142,0.2436042715268906,0.0507488121940065,0.04063944432905397,0.0710966651862111,0.5168804519344121,-0.35377859603613615,-0.2000676766037941,1.2780348841985727,1.2442669501656374,2.375701129139265,3.717850685119629,2.757420063018799,5.978808403015137,-3.027944564819336,-3.5255260467529297,-4.817739486694336,243.2689365530087,214.1900209008378,727.549815067548,1.5988889038562775,1.983825445175171,3.6621909141540527,132.92191867530346,139.0510882139206,253.89025974273682,0.7692392766475677,0.9393182992935181,1.8493742942810059,0.19428907345747126,0.18924069205034072,0.3094267851605708
-0.0425440953262223,-0.04671329517551186,0.013229933404073618,0.5873594328484368,0.6624495333234184,1.1235105600759054,1.7884987873809104,1.6051053405098992,2.7186044445023896,-1.2440844751561102,-1.6653491789404584,-2.9591290252796743,44.390541235605006,56.45075406676087,161.59372924671374,0.7907192693487546,0.920256339318734,1.645300918200618,60.00420346711342,67.64250623738452,116.77829341546266,0.4042183398755338,0.48289963823444265,0.7808789523266033,0.0738827819476363,0.08233931990888334,0.1377695074193716,0.02817001656089285,-0.0034901264136970034,0.027072770493120464,0.46056491469448135,0.2837988217465685,0.6524576255323694,2.2143484893635046,0.9114685910663954,1.6968655908541892,-1.5690161342163103,-0.8663162123426325,-1.97521032750587,27.25293958151371,10.310905882511893,54.58353766624138,0.5192251165524692,0.33715749910901827,0.8628718192294664,43.29101926859526,27.41912874390255,64.98648515024975,0.25671097714764524,0.1697616608493962,0.40697848690602206,0.07125776570989699,0.03927017468046796,0.07984653013422757,0.25109709054231644,-0.16511712258215994,0.07404482737183571,1.4341702293398657,1.3114742666034152,2.489963771085037,3.5382161140441895,2.71684193611145,5.978808403015137,-3.027944564819336,-3.5255260467529297,-5.8012237548828125,271.34643143725776,223.64523726499527,794.2914838753975,2.1163880825042725,2.065206289291382,3.9403185844421387,146.121128693223,138.16493137180805,270.96308279037476,1.0113187432289124,1.0241552293300629,2.0177431106567383,0.2195741791109144,0.18710767317940594,0.3235909675576254
0.04856803105699657,0.030112232395919744,0.013339306132590496,0.4880145110323139,0.5476489924766518,1.0990060547490588,1.3681399111165582,1.2769343572923144,2.3715972158207483,-1.190042612855706,-1.153739076986622,-2.9591290252796743,30.786178127214306,38.505749184071384,154.6230074192883,0.6292370109138352,0.67765007317153,1.4259838928367463,49.58911861915175,54.277239732004446,111.20798223030882,0.3164812338706118,0.3532285987194387,0.7138515893553153,0.062409220723848156,0.06888107615457473,0.12761537347876067,0.018358739337292478,-0.02158033087585066,0.0030816023398162855,0.44387853261148147,0.21740905454179013,0.4685298157163063,2.2143484893635046,0.4757024588648157,1.534748311976782,-1.5690161342163103,-0.5170340623882222,-1.707427478168927,25.262744962992222,6.109748182715685,28.09979961448149,0.4914258886865952,0.2687471862527574,0.5369939835157698,41.11135809332604,22.173909391363807,44.362927426666396,0.25344354776227757,0.13310772025321316,0.2673287345793469,0.06687526884060195,0.033746151802183225,0.06251019435341676,0.11784500285284594,-0.005887202685698867,0.05256801098585129,1.1904248869092724,1.1804557564882245,2.4901260400312815,3.5382161140441895,2.71684193611145,5.668893814086914,-2.723140001296997,-3.034327507019043,-5.8012237548828125,183.1678535770035,178.36933787925096,794.0468596506726,1.579562246799469,1.7578591108322144,3.9951844215393066,120.37604492157698,122.21070554852486,270.60881900787354,0.740029402077198,0.8789295554161072,2.0018444061279297,0.17053621692821258,0.14893525871323665,0.28472376049774495
-0.012951776777376287,0.00037151468321789446,-0.020418874064252024,0.5350703845557676,0.4726915712814166,0.9789367197434348,1.5227546621125438,1.2769343572923144,2.4406265549706583,-1.7287662373277524,-1.6562248638365515,-2.5115777538471216,36.66791231364455,28.599994826707757,122.71795605505132,0.6827524454512486,0.5197862046094767,1.2769095438475124,53.47347140471421,44.56275894734655,97.67721375691544,0.31367629624912574,0.2629475188652248,0.6309637671388537,0.0665865599000727,0.0602513424333673,0.12181707426993611,-0.005041918644138766,0.006529774256041275,0.0011326367961927335,0.3334015427747788,0.2350585755429034,0.3254450430962234,0.9232161044027352,0.8117230752681522,0.7567717905360293,-0.779445839840426,-0.5027795769361354,-0.9779896731148019,14.23129723753174,7.077782001675989,13.557217144577887,0.4306937334768618,0.3259580878974485,0.4454118780785866,33.2829762253972,24.122096677501524,32.716353753437495,0.20465115058107497,0.157714361895489,0.21562032493831093,0.04989892977461339,0.03530213242882298,0.04453483527959469,0.10543936031172052,-0.2545003587147221,0.043838538229465485,0.9779041072401061,1.0365247912564837,2.4144608553834983,3.092961311340332,1.820981740951538,5.661072731018066,-2.4226856231689453,-3.034327507019043,-4.505527496337891,123.82897941248173,145.8117216608279,746.4375090705039,1.4024766087532043,1.504940152168274,4.002421855926514,99.97800596803427,107.76152224838734,259.7743272781372,0.6708245798945427,0.7173665165901184,1.665329933166504,0.14376029657480935,0.13607489797829114,0.2590572419781188
-0.007710377550632027,0.04043986828494578,-0.10341344591202037,0.5722313883880003,0.4711205384803958,0.9732024704710744,1.5227546621125438,1.1221020819979013,2.4406265549706583,-1.7287662373277524,-1.6562248638365515,-2.5115777538471216,41.921051107639265,28.619512924795124,122.60062583377932,0.6128676928600281,0.5517622949636578,1.2057256576590138,56.58763440795694,45.86900162446986,98.14852890236718,0.3133338714553686,0.2836731236990816,0.6159897590406918,0.07113571513546613,0.05886410330924871,0.1214799259235463,-0.02005594894388676,0.03525994119103264,-0.006398146894925247,0.35623384121532103,0.27456302443826414,0.42317011088616674,1.0617029008969125,0.8221390658552761,0.8119488625183777,-0.779445839840426,-0.605791653156521,-1.1620814846098577,16.295013211527987,9.808399083709684,22.926576515980763,0.4340023880332565,0.33916440091731853,0.5695890824697849,36.11439974713308,27.365460675933363,43.796814217601,0.21985285571080848,0.16181262078654163,0.2881814123343055,0.051314470899325205,0.04112710204584963,0.059654626411784525,0.20367209997493774,-0.28041050606407225,0.013306241482496262,1.1625137925568179,1.0490599963999363,2.482811882669789,4.0651984214782715,2.281250238418579,5.661072731018066,-2.4226856231689453,-3.0755374431610107,-4.307947635650635,178.29384220070867,150.93208677859104,789.0600833009528,1.4690756797790527,1.3592387437820435,3.834284782409668,116.83635149896145,106.57868203520775,265.9891266822815,0.7345378398895264,0.642506405711174,1.8664467334747314,0.18140930508119435,0.15714298610671174,0.3039393368968012
-0.021249314304081356,0.00022784876019504505,0.03772938391471918,0.5106253644892075,0.5262540252550301,1.1175105862716892,1.2953620478279932,1.1221020819979013,3.5144364704544677,-1.1075567047147217,-1.516798345217937,-2.5721337269331443,33.43229391592059,35.44874892955893,160.03243735550447,0.5519037693026188,0.6511867265730191,1.1994279901231426,49.81687665373941,52.61746563002633,104.60269978637191,0.26451437725047083,0.3293617198641772,0.5210829284621699,0.06668609575424364,0.0660638467130826,0.13865750270889404,-0.0009495880759014808,0.027402172572278456,0.009092866845437066,0.43473018782632883,0.3245272045706091,0.5713674863033688,1.0617029008969125,1.17583809309378,1.2529864480529067,-1.1163695149790915,-0.6595347209253244,-1.2126468990264558,24.190878454403716,13.576804552716137,41.79756603290871,0.5556681747495723,0.3377973044450303,0.7976368781734589,44.11761900862806,31.62220471232595,60.35671623274037,0.27389622977864625,0.1756156943515049,0.36742570827813803,0.06417995543170382,0.04948348293175693,0.07566560655329731,0.23804415226913989,-0.22835226426832378,0.048850927501916885,1.3881002943014715,1.2052929500547451,2.7595802283202766,5.398161888122559,2.7719273567199707,5.980059623718262,-2.102581024169922,-3.0755374431610107,-4.949347972869873,253.88639302007857,192.62410906216184,975.0616895557102,1.600574791431427,1.5054516196250916,4.516546249389648,131.52915632724762,124.46077898144722,292.6314558982849,0.787909209728241,0.79414202272892,2.2845146656036377,0.20436476486537872,0.17954549327015723,0.30664318493243825
